country,ccodealp,year,wdi_internet,wdi_gdpcapcon2015,undp_hdi,vdem_libdem,ti_cpi,freedom_score,freedom_status
Angola,AGO,2013-01-01,13.0,3716.297187272817,0.567,0.123,23.0,66,2
Angola,AGO,2014-01-01,21.3623,3746.816199786131,0.577,0.123,19.0,62,2
Angola,AGO,2015-01-01,22.0,3641.72893919944,0.603,0.123,15.0,61,2
Angola,AGO,2016-01-01,23.2,3454.0331718711896,0.609,0.124,18.0,60,2
Angola,AGO,2017-01-01,26.0,3328.898212410897,0.61,0.142,19.0,60,2
Angola,AGO,2018-01-01,29.0,3196.790069835574,0.611,0.162,19.0,60,2
Angola,AGO,2019-01-01,32.1294,3083.9753442735705,0.611,0.162,26.0,64,2
Angola,AGO,2020-01-01,36.6347,2864.1614603689254,0.61,0.16,27.0,62,2
Angola,AGO,2021-01-01,39.3876,2832.817771322862,0.609,0.153,29.0,62,2
Angola,AGO,2022-01-01,42.0719,2860.9025192224644,0.615,0.154,33.0,61,2
Azerbaijan,AZE,2011-01-01,50.0,5149.206659132063,0.746,0.068,38.0,52,2
Azerbaijan,AZE,2012-01-01,54.2,5193.175011195519,0.751,0.068,27.0,50,2
Azerbaijan,AZE,2013-01-01,73.0,5425.995597805777,0.757,0.068,28.0,48,2
Azerbaijan,AZE,2014-01-01,75.0,5508.602656126762,0.766,0.065,29.0,45,2
Azerbaijan,AZE,2015-01-01,77.0,5500.503646284862,0.771,0.064,29.0,44,2
Azerbaijan,AZE,2016-01-01,78.2,5272.718171418611,0.772,0.061,30.0,43,2
Azerbaijan,AZE,2017-01-01,79.0,5229.252599934125,0.774,0.067,31.0,42,2
Azerbaijan,AZE,2018-01-01,79.8,5261.929382344318,0.775,0.059,25.0,40,2
Azerbaijan,AZE,2019-01-01,81.1,5346.953186041143,0.78,0.062,30.0,39,1
Azerbaijan,AZE,2020-01-01,84.6,5087.5002278362745,0.757,0.065,30.0,38,1
Azerbaijan,AZE,2021-01-01,86.0,5349.582260714248,0.765,0.065,30.0,35,1
Azerbaijan,AZE,2022-01-01,88.0,5599.585249710247,0.784,0.062,23.0,38,1
Argentina,ARG,2012-01-01,55.8,13754.42542355963,0.85,0.589,35.0,74,0
Argentina,ARG,2013-01-01,59.9,13946.095083225156,0.852,0.594,34.0,73,0
Argentina,ARG,2014-01-01,64.7,13456.13191591506,0.855,0.604,34.0,73,0
Argentina,ARG,2015-01-01,68.0431,13679.626498095417,0.859,0.601,32.0,73,0
Argentina,ARG,2016-01-01,70.969,13265.886063912343,0.857,0.616,36.0,73,0
Argentina,ARG,2017-01-01,74.2949,13520.112984615893,0.861,0.612,39.0,73,0
Argentina,ARG,2018-01-01,77.7,13058.328544995426,0.861,0.637,40.0,72,0
Argentina,ARG,2019-01-01,79.947,12706.39781089676,0.861,0.626,45.0,72,0
Argentina,ARG,2020-01-01,85.5144,11393.050595787674,0.851,0.644,42.0,71,0
Argentina,ARG,2021-01-01,87.1507,12549.281169934176,0.847,0.64,38.0,71,0
Argentina,ARG,2022-01-01,88.3754,13276.823211018853,0.858,0.661,38.0,71,0
Australia,AUS,2011-01-01,79.4877,54296.23213248142,0.933,0.864,38.0,83,0
Australia,AUS,2012-01-01,79.0,55465.44628725772,0.938,0.864,85.0,84,0
Australia,AUS,2013-01-01,83.4535,55966.15092705607,0.935,0.823,81.0,83,0
Australia,AUS,2014-01-01,84.0,56571.80625244372,0.937,0.815,80.0,83,0
Australia,AUS,2015-01-01,84.5605,56970.36130280944,0.938,0.829,79.0,81,0
Australia,AUS,2016-01-01,86.54,57632.99959255945,0.939,0.832,79.0,79,0
Australia,AUS,2017-01-01,86.545,57991.77134733296,0.94,0.825,77.0,79,0
Australia,AUS,2018-01-01,90.0,58772.7063152213,0.945,0.813,77.0,79,0
Australia,AUS,2019-01-01,93.6099,59181.29979041315,0.947,0.779,77.0,77,0
Australia,AUS,2020-01-01,94.6935,58377.76705178023,0.95,0.797,77.0,76,0
Australia,AUS,2021-01-01,96.9722,59465.53567136402,0.954,0.785,73.0,75,0
Australia,AUS,2022-01-01,97.0424,61200.45889647808,0.952,0.8,75.0,76,0
Bahrain,BHR,2011-01-01,77.0,23288.04493983129,0.817,0.045,38.0,38,1
Bahrain,BHR,2012-01-01,88.0,23894.880444708782,0.833,0.043,51.0,29,1
Bahrain,BHR,2013-01-01,90.0,24271.62788145059,0.846,0.043,48.0,28,1
Bahrain,BHR,2014-01-01,90.5031,24135.499130484903,0.847,0.044,49.0,26,1
Bahrain,BHR,2015-01-01,93.4783,23734.05511430191,0.868,0.043,51.0,28,1
Bahrain,BHR,2016-01-01,98.0,23715.279132871165,0.871,0.044,43.0,29,1
Bahrain,BHR,2017-01-01,95.8781,23606.886750131347,0.874,0.042,36.0,28,1
Bahrain,BHR,2018-01-01,98.6447,24059.78386415621,0.886,0.043,36.0,29,1
Bahrain,BHR,2019-01-01,99.7015,24873.664006013405,0.894,0.05,42.0,29,1
Bahrain,BHR,2020-01-01,99.671,23586.930958151588,0.885,0.051,42.0,29,1
Bahrain,BHR,2021-01-01,100.0,24086.78478034281,0.885,0.053,42.0,30,1
Bahrain,BHR,2022-01-01,100.0,25234.402561820025,0.902,0.054,44.0,29,1
Bangladesh,BGD,2013-01-01,6.63,1103.1569590712293,0.589,0.146,27.0,51,2
Bangladesh,BGD,2014-01-01,11.9,1159.407534759807,0.6,0.108,25.0,51,2
Bangladesh,BGD,2015-01-01,12.9,1224.3864766816523,0.621,0.109,25.0,49,2
Bangladesh,BGD,2016-01-01,18.1,1299.8309136079226,0.632,0.11,26.0,44,2
Bangladesh,BGD,2017-01-01,21.5,1373.753637401862,0.633,0.107,28.0,46,2
Bangladesh,BGD,2018-01-01,25.6,1462.2505025571324,0.646,0.1,26.0,49,2
Bangladesh,BGD,2019-01-01,30.4,1564.2080244563588,0.656,0.095,26.0,44,2
Bangladesh,BGD,2020-01-01,36.1091,1604.665923474202,0.663,0.097,26.0,42,2
Bangladesh,BGD,2021-01-01,38.9174,1702.080284141892,0.663,0.092,26.0,40,2
Bangladesh,BGD,2022-01-01,41.6165,1804.349346177604,0.68,0.095,25.0,43,2
Armenia,ARM,2013-01-01,41.9,3266.2988299987346,0.766,0.205,36.0,71,0
Armenia,ARM,2014-01-01,54.6228,3393.09252326884,0.772,0.204,37.0,72,0
Armenia,ARM,2015-01-01,59.1008,3512.3935027670905,0.777,0.204,35.0,72,0
Armenia,ARM,2016-01-01,64.346,3533.885036070068,0.783,0.204,33.0,70,0
Armenia,ARM,2017-01-01,64.7449,3815.374742603702,0.785,0.221,35.0,68,2
Armenia,ARM,2018-01-01,68.2451,4027.833930109785,0.789,0.404,35.0,73,0
Armenia,ARM,2019-01-01,66.5439,4343.458395830194,0.796,0.623,42.0,76,0
Armenia,ARM,2020-01-01,76.5077,4032.090434549552,0.761,0.584,49.0,75,0
Armenia,ARM,2021-01-01,78.6123,4264.799615051871,0.786,0.538,49.0,71,0
Armenia,ARM,2022-01-01,77.0277,4791.004817121827,0.801,0.443,46.0,74,0
Brazil,BRA,2011-01-01,45.69,9067.99212019529,0.753,0.786,38.0,71,0
Brazil,BRA,2012-01-01,48.56,9167.498184504328,0.758,0.782,43.0,73,0
Brazil,BRA,2013-01-01,51.04,9366.738246702393,0.762,0.786,42.0,68,2
Brazil,BRA,2014-01-01,54.551,9338.341708409847,0.765,0.784,43.0,70,0
Brazil,BRA,2015-01-01,58.328,8936.195588944402,0.764,0.772,38.0,71,0
Brazil,BRA,2016-01-01,60.8725,8577.842779696673,0.765,0.662,40.0,68,2
Brazil,BRA,2017-01-01,67.4713,8628.252096457234,0.77,0.647,37.0,67,2
Brazil,BRA,2018-01-01,70.4343,8722.335299709883,0.774,0.617,35.0,69,2
Brazil,BRA,2019-01-01,73.9124,8771.439503726033,0.776,0.543,35.0,64,2
Brazil,BRA,2020-01-01,81.3427,8435.010462091848,0.77,0.54,38.0,63,2
Brazil,BRA,2021-01-01,80.6899,8799.228445799441,0.768,0.532,38.0,64,2
Brazil,BRA,2022-01-01,80.5278,9032.08377657776,0.78,0.545,38.0,65,2
Myanmar,MMR,2011-01-01,0.98,895.5125387626313,0.525,0.109,38.0,12,1
Myanmar,MMR,2012-01-01,1.4,953.1230819364848,0.535,0.133,15.0,25,1
Myanmar,MMR,2013-01-01,1.8,1024.6906047465825,0.546,0.16,21.0,38,1
Myanmar,MMR,2014-01-01,7.4,1099.2438775160488,0.557,0.165,21.0,40,2
Myanmar,MMR,2015-01-01,10.9,1166.7330554793548,0.566,0.183,22.0,37,1
Myanmar,MMR,2016-01-01,16.0,1225.3791397266775,0.574,0.233,28.0,39,1
Myanmar,MMR,2017-01-01,23.6211,1290.564090274579,0.587,0.234,30.0,37,1
Myanmar,MMR,2018-01-01,29.379,1361.568312659854,0.6,0.239,29.0,36,1
Myanmar,MMR,2019-01-01,36.5405,1440.98988238708,0.61,0.255,29.0,36,1
Myanmar,MMR,2020-01-01,45.4477,1301.3138635245014,0.609,0.261,28.0,31,1
Myanmar,MMR,2021-01-01,56.5261,1136.9956605569778,0.605,0.02,28.0,17,1
Myanmar,MMR,2022-01-01,58.0112,1174.7669794736432,0.606,0.016,23.0,12,1
Belarus,BLR,2011-01-01,39.6489,5941.689991562393,0.812,0.094,38.0,31,1
Belarus,BLR,2012-01-01,46.91,6052.637370623595,0.818,0.094,31.0,31,1
Belarus,BLR,2013-01-01,54.17,6115.432880987073,0.821,0.099,29.0,33,1
Belarus,BLR,2014-01-01,59.0163,6212.916674186595,0.825,0.099,31.0,38,1
Belarus,BLR,2015-01-01,62.2304,5967.055950587775,0.825,0.102,32.0,36,1
Belarus,BLR,2016-01-01,71.113,5811.201591825471,0.825,0.108,40.0,38,1
Belarus,BLR,2017-01-01,74.4364,5964.896688345611,0.828,0.109,44.0,36,1
Belarus,BLR,2018-01-01,79.1299,6165.913200192767,0.827,0.112,44.0,36,1
Belarus,BLR,2019-01-01,82.7892,6267.735087435055,0.826,0.111,45.0,35,1
Belarus,BLR,2020-01-01,85.0879,6251.988989686452,0.815,0.046,47.0,38,1
Belarus,BLR,2021-01-01,86.8884,6457.730537063426,0.817,0.036,41.0,31,1
Belarus,BLR,2022-01-01,89.5073,6206.61909685419,0.824,0.037,39.0,28,1
Cambodia,KHM,2013-01-01,6.0,1376.295575959256,0.554,0.114,20.0,53,2
Cambodia,KHM,2014-01-01,14.0,1464.531158669268,0.557,0.112,21.0,53,2
Cambodia,KHM,2015-01-01,6.43319,1547.320104443935,0.562,0.114,21.0,52,2
Cambodia,KHM,2016-01-01,32.3985,1645.4667157812587,0.57,0.103,21.0,48,2
Cambodia,KHM,2017-01-01,32.9003,1753.9353050466204,0.578,0.079,21.0,48,2
Cambodia,KHM,2018-01-01,58.9529,1884.28374817086,0.586,0.072,20.0,45,2
Cambodia,KHM,2019-01-01,52.3059,2008.32094006706,0.593,0.067,20.0,43,2
Cambodia,KHM,2020-01-01,53.6508,1908.6342751833563,0.595,0.065,21.0,43,2
Cambodia,KHM,2021-01-01,57.9592,1938.764367417284,0.594,0.064,23.0,43,2
Cambodia,KHM,2022-01-01,59.6606,2011.2743331326217,0.602,0.062,24.0,43,2
Canada,CAN,2014-01-01,87.12,43643.23564400471,0.932,0.743,81.0,85,0
Canada,CAN,2015-01-01,90.0,43594.19410453944,0.932,0.745,83.0,84,0
Canada,CAN,2016-01-01,91.16,43551.34259751151,0.933,0.765,82.0,84,0
Canada,CAN,2017-01-01,92.7014,44339.38866892536,0.935,0.769,82.0,85,0
Canada,CAN,2018-01-01,94.64,44907.34369121229,0.935,0.765,81.0,85,0
Canada,CAN,2019-01-01,91.9129,45100.291506926165,0.937,0.768,77.0,87,0
Canada,CAN,2020-01-01,92.3,42366.12853778845,0.931,0.75,77.0,87,0
Canada,CAN,2021-01-01,93.9371,44639.193269037016,0.937,0.756,74.0,87,0
Canada,CAN,2022-01-01,94.0,45677.686578804045,0.935,0.749,74.0,87,0
Sri Lanka,LKA,2012-01-01,58.9529,3484.7904903388417,0.759,0.244,40.0,45,2
Sri Lanka,LKA,2013-01-01,58.9529,3728.935866478482,0.764,0.271,37.0,42,2
Sri Lanka,LKA,2014-01-01,10.5,3929.9206203218473,0.767,0.271,38.0,42,2
Sri Lanka,LKA,2015-01-01,15.26,4057.715834623104,0.769,0.395,37.0,53,2
Sri Lanka,LKA,2016-01-01,22.19,4214.741179920849,0.772,0.442,36.0,56,2
Sri Lanka,LKA,2017-01-01,25.1,4436.00789945768,0.777,0.442,38.0,57,2
Sri Lanka,LKA,2018-01-01,28.3,4493.035754445438,0.782,0.479,38.0,53,2
Sri Lanka,LKA,2019-01-01,32.0,4455.781896082671,0.781,0.43,38.0,49,2
Sri Lanka,LKA,2020-01-01,36.1847,4227.23315306594,0.78,0.368,38.0,52,2
Sri Lanka,LKA,2021-01-01,44.4531,4357.972257794912,0.777,0.388,37.0,51,2
Sri Lanka,LKA,2022-01-01,48.3,4033.145614762977,0.777,0.436,36.0,48,2
China,CHN,2011-01-01,38.3,6275.9095643625815,0.717,0.053,38.0,17,1
China,CHN,2012-01-01,42.3001,6723.194437528233,0.725,0.054,39.0,15,1
China,CHN,2013-01-01,45.8,7198.068764781617,0.733,0.052,40.0,14,1
China,CHN,2014-01-01,47.9,7686.577929543814,0.742,0.051,36.0,13,1
China,CHN,2015-01-01,50.3,8175.332850773929,0.75,0.051,37.0,12,1
China,CHN,2016-01-01,53.2,8679.37704460133,0.758,0.049,40.0,12,1
China,CHN,2017-01-01,54.3,9221.51403820573,0.765,0.048,41.0,13,1
China,CHN,2018-01-01,59.2,9798.652852331596,0.774,0.048,39.0,12,1
China,CHN,2019-01-01,64.0809,10356.480419499538,0.781,0.045,41.0,10,1
China,CHN,2020-01-01,70.0528,10573.642005928228,0.786,0.041,42.0,10,1
China,CHN,2021-01-01,73.0532,11469.570713492762,0.794,0.041,45.0,10,1
China,CHN,2022-01-01,75.6113,11830.598370349626,0.796,0.042,45.0,10,1
Colombia,COL,2014-01-01,52.5681,6121.839820198248,0.763,0.553,37.0,70,0
Colombia,COL,2015-01-01,55.905,6248.514905345122,0.767,0.557,37.0,68,2
Colombia,COL,2016-01-01,58.1365,6316.070677825417,0.772,0.557,37.0,68,2
Colombia,COL,2017-01-01,62.2599,6309.677452925182,0.774,0.554,37.0,68,2
Colombia,COL,2018-01-01,64.1264,6353.546428539201,0.775,0.538,36.0,69,2
Colombia,COL,2019-01-01,65.0069,6439.9635981264655,0.777,0.515,37.0,67,2
Colombia,COL,2020-01-01,69.7953,5891.955232154031,0.764,0.497,39.0,66,2
Colombia,COL,2021-01-01,73.0284,6457.169218070858,0.762,0.502,39.0,65,2
Colombia,COL,2022-01-01,72.7964,6856.725905053739,0.782,0.559,39.0,64,2
Costa Rica,CRI,2021-01-01,82.749,13146.692791846468,0.817,0.844,58.0,87,0
Costa Rica,CRI,2022-01-01,82.598,13686.161409082211,0.823,0.809,54.0,88,0
Cuba,CUB,2011-01-01,16.0173,6902.163975711391,0.781,0.051,38.0,13,1
Cuba,CUB,2012-01-01,21.2,7109.248341856352,0.777,0.051,48.0,14,1
Cuba,CUB,2013-01-01,27.93,7307.820044107413,0.771,0.057,46.0,14,1
Cuba,CUB,2014-01-01,29.0702,7392.483246330271,0.77,0.057,46.0,16,1
Cuba,CUB,2015-01-01,37.3051,7727.919972079983,0.769,0.057,47.0,19,1
Cuba,CUB,2016-01-01,42.9787,7774.0698462623,0.767,0.056,47.0,21,1
Cuba,CUB,2017-01-01,57.1484,7927.277694317665,0.767,0.058,47.0,21,1
Cuba,CUB,2018-01-01,62.6789,8120.43123558256,0.769,0.06,47.0,21,1
Cuba,CUB,2019-01-01,67.9708,8124.752820591077,0.769,0.061,48.0,22,1
Cuba,CUB,2020-01-01,71.1191,7252.288111798439,0.762,0.06,47.0,22,1
Cuba,CUB,2021-01-01,67.6435,7379.042752836741,0.745,0.055,46.0,21,1
Cuba,CUB,2022-01-01,68.25,7552.331522188416,0.764,0.056,45.0,20,1
Ecuador,ECU,2013-01-01,40.2791,5893.321726830364,0.755,0.268,35.0,63,2
Ecuador,ECU,2014-01-01,45.5904,6055.041727614853,0.76,0.265,33.0,63,2
Ecuador,ECU,2015-01-01,48.9404,5976.159680565097,0.764,0.263,32.0,63,2
Ecuador,ECU,2016-01-01,54.0629,5849.135879336722,0.761,0.268,31.0,59,2
Ecuador,ECU,2017-01-01,55.8,6104.272535217513,0.764,0.342,32.0,57,2
Ecuador,ECU,2018-01-01,57.5,6063.095617877599,0.767,0.46,34.0,60,2
Ecuador,ECU,2019-01-01,59.2,5971.389383867231,0.765,0.45,38.0,61,2
Ecuador,ECU,2020-01-01,70.7,5355.689341964435,0.74,0.473,39.0,57,2
Ecuador,ECU,2021-01-01,69.1148,5815.094773909489,0.753,0.458,36.0,62,2
Ecuador,ECU,2022-01-01,69.7181,6107.494950065426,0.773,0.5,36.0,64,2
Ethiopia,ETH,2011-01-01,1.1,455.90962864855527,0.425,0.108,38.0,31,1
Ethiopia,ETH,2012-01-01,2.9,481.6399999098084,0.433,0.108,33.0,25,1
Ethiopia,ETH,2013-01-01,4.6,518.324662208106,0.441,0.104,33.0,21,1
Ethiopia,ETH,2014-01-01,7.7,556.3625322438668,0.449,0.104,33.0,20,1
Ethiopia,ETH,2015-01-01,13.8552,597.9121132186633,0.456,0.103,33.0,18,1
Ethiopia,ETH,2016-01-01,15.3669,636.835680951429,0.463,0.1,34.0,17,1
Ethiopia,ETH,2017-01-01,15.6,678.9854191575698,0.47,0.099,35.0,14,1
Ethiopia,ETH,2018-01-01,15.9,705.9688120733598,0.476,0.132,34.0,17,1
Ethiopia,ETH,2019-01-01,16.0,744.7027897539728,0.482,0.16,37.0,28,1
Ethiopia,ETH,2020-01-01,16.0696,768.7054244852086,0.486,0.153,38.0,29,1
Ethiopia,ETH,2021-01-01,16.6981,790.6570195977804,0.487,0.14,39.0,27,1
Ethiopia,ETH,2022-01-01,58.9529,811.177729326201,0.494,0.134,38.0,27,1
Estonia,EST,2011-01-01,76.5,15820.922342204003,0.877,0.831,38.0,90,0
Estonia,EST,2012-01-01,78.3899,16460.68434790011,0.88,0.83,64.0,90,0
Estonia,EST,2013-01-01,80.0043,16809.53266837812,0.887,0.836,68.0,91,0
Estonia,EST,2014-01-01,84.2415,17413.68675602116,0.885,0.839,69.0,92,0
Estonia,EST,2015-01-01,88.4097,17722.155766952314,0.888,0.847,70.0,93,0
Estonia,EST,2016-01-01,87.2402,18264.9873304279,0.89,0.862,70.0,94,0
Estonia,EST,2017-01-01,88.1025,19270.8141210511,0.894,0.861,71.0,94,0
Estonia,EST,2018-01-01,89.357,19914.34549228784,0.897,0.862,73.0,94,0
Estonia,EST,2019-01-01,90.2289,20579.87567323757,0.901,0.849,74.0,94,0
Estonia,EST,2020-01-01,89.0583,19946.945696898005,0.901,0.843,75.0,94,0
Estonia,EST,2021-01-01,90.9797,21570.66584552681,0.899,0.855,74.0,94,0
Estonia,EST,2022-01-01,91.5202,21023.299493724604,0.902,0.854,74.0,93,0
France,FRA,2013-01-01,81.9198,36256.08668098103,0.896,0.82,71.0,80,0
France,FRA,2014-01-01,83.7511,36444.39490891461,0.9,0.82,69.0,80,0
France,FRA,2015-01-01,78.006,36702.432373337935,0.901,0.813,70.0,76,0
France,FRA,2016-01-01,79.2698,36920.53428469139,0.905,0.813,69.0,75,0
France,FRA,2017-01-01,80.5025,37580.59793293561,0.908,0.815,70.0,74,0
France,FRA,2018-01-01,82.0432,38062.44359614122,0.911,0.797,72.0,75,0
France,FRA,2019-01-01,83.3397,38705.20729406184,0.914,0.793,69.0,76,0
France,FRA,2020-01-01,84.7064,35709.20459259257,0.909,0.789,69.0,77,0
France,FRA,2021-01-01,86.0955,38030.85716851778,0.915,0.788,71.0,78,0
France,FRA,2022-01-01,85.3333,38868.330333055725,0.916,0.808,72.0,76,0
Georgia,GEO,2011-01-01,31.52,3362.103003196797,0.78,0.347,38.0,65,2
Georgia,GEO,2012-01-01,36.94,3609.780798625996,0.789,0.363,52.0,70,0
Georgia,GEO,2013-01-01,43.3,3806.5060064905138,0.796,0.453,49.0,74,0
Georgia,GEO,2014-01-01,49.1025,3960.3508009190073,0.802,0.496,52.0,74,0
Georgia,GEO,2015-01-01,47.5698,4086.6223465965,0.807,0.506,52.0,76,0
Georgia,GEO,2016-01-01,58.4593,4225.091549048057,0.809,0.518,57.0,75,0
Georgia,GEO,2017-01-01,59.7055,4442.50744127374,0.816,0.503,56.0,76,0
Georgia,GEO,2018-01-01,62.7179,4713.653548453031,0.824,0.52,58.0,75,0
Georgia,GEO,2019-01-01,68.8467,4975.811481948139,0.83,0.481,56.0,75,0
Georgia,GEO,2020-01-01,72.5316,4659.609253182341,0.822,0.471,56.0,76,0
Georgia,GEO,2021-01-01,76.4427,5175.198651858251,0.819,0.456,55.0,77,0
Georgia,GEO,2022-01-01,78.7113,5736.304495785975,0.838,0.463,56.0,78,0
Germany,DEU,2011-01-01,81.27,40722.48492682419,0.942,0.867,38.0,84,0
Germany,DEU,2012-01-01,82.35,40834.5088218456,0.944,0.867,79.0,85,0
Germany,DEU,2013-01-01,84.17,40884.89267590277,0.945,0.854,78.0,83,0
Germany,DEU,2014-01-01,86.1937,41602.46612816679,0.949,0.847,79.0,83,0
Germany,DEU,2015-01-01,87.5898,41929.75491107217,0.948,0.847,81.0,82,0
Germany,DEU,2016-01-01,84.1652,42516.93370631032,0.949,0.85,81.0,81,0
Germany,DEU,2017-01-01,84.3942,43543.480705055095,0.951,0.843,81.0,80,0
Germany,DEU,2018-01-01,87.0371,43905.85500619728,0.952,0.834,80.0,81,0
Germany,DEU,2019-01-01,88.1345,44235.2658954682,0.957,0.836,80.0,80,0
Germany,DEU,2020-01-01,89.8129,42372.87267842554,0.955,0.824,80.0,80,0
Germany,DEU,2021-01-01,91.4306,44011.019463167424,0.958,0.816,80.0,79,0
Germany,DEU,2022-01-01,91.6298,44817.13163313894,0.955,0.805,79.0,77,0
Ghana,GHA,2021-01-01,68.6,2030.0486650096648,0.618,0.56,43.0,64,2
Ghana,GHA,2022-01-01,69.3607,2067.208959107662,0.625,0.56,43.0,64,2
Hungary,HUN,2012-01-01,70.58,11440.76227188248,0.841,0.619,55.0,81,0
Hungary,HUN,2013-01-01,72.6439,11729.572079850072,0.85,0.564,54.0,77,0
Hungary,HUN,2014-01-01,75.6532,12287.377944103324,0.848,0.518,54.0,76,0
Hungary,HUN,2015-01-01,72.8347,12782.941257797267,0.847,0.478,51.0,76,0
Hungary,HUN,2016-01-01,79.2594,13145.655988556287,0.851,0.471,48.0,73,0
Hungary,HUN,2017-01-01,76.7505,13734.2442804335,0.853,0.435,45.0,71,0
Hungary,HUN,2018-01-01,76.0744,14533.778314431238,0.857,0.373,46.0,71,0
Hungary,HUN,2019-01-01,80.3717,15290.808546633109,0.861,0.364,44.0,72,0
Hungary,HUN,2020-01-01,84.7712,14664.297119538538,0.857,0.358,44.0,71,0
Hungary,HUN,2021-01-01,88.6408,15787.953542756264,0.852,0.345,43.0,70,0
Hungary,HUN,2022-01-01,89.1428,16487.797393594446,0.867,0.335,42.0,69,2
Iceland,ISL,2013-01-01,96.5468,51696.087652898335,0.95,0.779,78.0,94,0
Iceland,ISL,2014-01-01,98.158,52102.57579194381,0.954,0.778,79.0,94,0
Iceland,ISL,2015-01-01,98.2,53505.69640793393,0.956,0.782,79.0,94,0
Iceland,ISL,2016-01-01,98.24,56049.292864815165,0.959,0.779,78.0,94,0
Iceland,ISL,2017-01-01,98.2552,56657.980028557206,0.962,0.782,77.0,94,0
Iceland,ISL,2018-01-01,99.011,57731.65234018835,0.966,0.795,76.0,94,0
Iceland,ISL,2019-01-01,99.5049,57118.845271875485,0.969,0.781,78.0,95,0
Iceland,ISL,2020-01-01,99.5328,52464.30728586375,0.965,0.785,75.0,95,0
Iceland,ISL,2021-01-01,99.687,54285.02091539581,0.967,0.749,74.0,96,0
Iceland,ISL,2022-01-01,99.8082,57606.87560948817,0.964,0.742,74.0,95,0
India,IND,2011-01-01,10.07,1281.6105435493278,0.603,0.536,38.0,64,2
India,IND,2012-01-01,11.1,1333.0962655766764,0.609,0.525,36.0,61,2
India,IND,2013-01-01,12.3,1399.4537980287023,0.615,0.525,36.0,53,2
India,IND,2014-01-01,13.5,1484.3164068291328,0.625,0.492,38.0,58,2
India,IND,2015-01-01,14.9,1583.998159079848,0.633,0.422,38.0,60,2
India,IND,2016-01-01,16.5,1694.4653497382467,0.644,0.405,40.0,59,2
India,IND,2017-01-01,18.2,1788.6977031844576,0.649,0.366,40.0,59,2
India,IND,2018-01-01,20.0813,1883.357727050616,0.648,0.36,41.0,57,2
India,IND,2019-01-01,29.5235,1936.0306774106675,0.651,0.322,41.0,55,2
India,IND,2020-01-01,43.4054,1806.5011058387809,0.652,0.293,40.0,51,2
India,IND,2021-01-01,58.9529,1965.3094343750604,0.647,0.31,40.0,49,2
India,IND,2022-01-01,55.9,2098.211244761504,0.676,0.293,40.0,51,2
Indonesia,IDN,2011-01-01,12.28,2799.624687903184,0.678,0.538,38.0,54,2
Indonesia,IDN,2012-01-01,14.52,2930.5184453229954,0.686,0.538,32.0,58,2
Indonesia,IDN,2013-01-01,14.94,3055.242460064688,0.69,0.523,32.0,59,2
Indonesia,IDN,2014-01-01,17.1432,3170.7210301142886,0.693,0.517,34.0,58,2
Indonesia,IDN,2015-01-01,22.0627,3288.222697255384,0.701,0.511,36.0,58,2
Indonesia,IDN,2016-01-01,25.4474,3416.810051709715,0.705,0.5,37.0,56,2
Indonesia,IDN,2017-01-01,32.3358,3553.519992623214,0.712,0.486,37.0,53,2
Indonesia,IDN,2018-01-01,39.9046,3701.3215546191177,0.715,0.464,38.0,54,2
Indonesia,IDN,2019-01-01,47.6906,3850.903217389789,0.714,0.462,40.0,51,2
Indonesia,IDN,2020-01-01,53.7265,3739.4490656316098,0.71,0.415,37.0,49,2
Indonesia,IDN,2021-01-01,62.1045,3850.688772539029,0.707,0.4,38.0,48,2
Indonesia,IDN,2022-01-01,66.4846,4024.912252883909,0.726,0.393,34.0,49,2
Iraq,IRQ,2021-01-01,65.0022,4182.500640457304,0.687,0.236,23.0,41,2
Iraq,IRQ,2022-01-01,78.7156,4412.997331465116,0.695,0.218,23.0,42,2
Italy,ITA,2011-01-01,54.39,32039.503249431586,0.89,0.784,38.0,74,0
Italy,ITA,2012-01-01,55.83,30953.41474474265,0.887,0.791,42.0,77,0
Italy,ITA,2013-01-01,58.4593,30330.0221599668,0.887,0.786,43.0,77,0
Italy,ITA,2014-01-01,55.6385,30325.02877939232,0.89,0.787,43.0,78,0
Italy,ITA,2015-01-01,58.1417,30639.882975143213,0.889,0.787,44.0,77,0
Italy,ITA,2016-01-01,61.3243,31077.679267521067,0.894,0.794,47.0,75,0
Italy,ITA,2017-01-01,63.0773,31635.522771080043,0.897,0.795,50.0,75,0
Italy,ITA,2018-01-01,74.3872,31819.39718300667,0.902,0.788,52.0,75,0
Italy,ITA,2019-01-01,67.8507,32180.434101742845,0.906,0.783,53.0,75,0
Italy,ITA,2020-01-01,70.4834,29469.798923862585,0.899,0.78,53.0,76,0
Italy,ITA,2021-01-01,74.8623,32267.70910502011,0.908,0.781,56.0,76,0
Italy,ITA,2022-01-01,85.0607,33891.886652621615,0.905,0.766,56.0,75,0
Japan,JPN,2013-01-01,88.2194,34239.88624734878,0.912,0.749,74.0,78,0
Japan,JPN,2014-01-01,89.1068,34386.905855267105,0.914,0.747,76.0,78,0
Japan,JPN,2015-01-01,91.058,34960.63938433849,0.917,0.748,75.0,78,0
Japan,JPN,2016-01-01,93.1827,35242.19937714804,0.918,0.748,72.0,78,0
Japan,JPN,2017-01-01,91.7265,35861.97285456724,0.92,0.747,73.0,77,0
Japan,JPN,2018-01-01,88.7464,36138.52908248143,0.921,0.76,73.0,75,0
Japan,JPN,2019-01-01,92.7304,36043.78440135178,0.922,0.762,73.0,73,0
Japan,JPN,2020-01-01,90.2195,34642.97187432387,0.922,0.748,74.0,75,0
Japan,JPN,2021-01-01,82.9141,35741.16010629243,0.922,0.738,73.0,76,0
Japan,JPN,2022-01-01,84.9234,36238.329489530246,0.921,0.738,73.0,77,0
Kazakhstan,KAZ,2011-01-01,50.6,9223.302133631498,0.79,0.12,38.0,45,2
Kazakhstan,KAZ,2012-01-01,61.9066,9531.914776170575,0.799,0.113,28.0,42,2
Kazakhstan,KAZ,2013-01-01,63.3042,9959.72586930534,0.808,0.111,26.0,41,2
Kazakhstan,KAZ,2014-01-01,66.0,10226.710053968292,0.813,0.11,29.0,40,2
Kazakhstan,KAZ,2015-01-01,70.8299,10196.122625598213,0.819,0.113,28.0,39,1
Kazakhstan,KAZ,2016-01-01,74.5877,10151.423313301964,0.82,0.117,29.0,37,1
Kazakhstan,KAZ,2017-01-01,76.4267,10404.271864631695,0.824,0.113,31.0,38,1
Kazakhstan,KAZ,2018-01-01,78.9039,10670.21201482792,0.828,0.109,31.0,38,1
Kazakhstan,KAZ,2019-01-01,81.8776,10989.684071838816,0.834,0.113,34.0,32,1
Kazakhstan,KAZ,2020-01-01,85.9426,10565.035981623536,0.826,0.118,38.0,32,1
Kazakhstan,KAZ,2021-01-01,90.924,10873.391527527603,0.816,0.123,37.0,33,1
Kazakhstan,KAZ,2022-01-01,92.2969,11058.348241340698,0.831,0.138,36.0,32,1
Jordan,JOR,2011-01-01,34.9,4631.67703841605,0.734,0.217,38.0,58,2
Jordan,JOR,2012-01-01,37.0,4677.476139771919,0.74,0.217,48.0,55,2
Jordan,JOR,2013-01-01,41.4,4556.52023716712,0.742,0.222,45.0,54,2
Jordan,JOR,2014-01-01,46.2,4282.118728492385,0.742,0.222,49.0,52,2
Jordan,JOR,2015-01-01,54.22,4042.756780975546,0.743,0.223,53.0,50,2
Jordan,JOR,2016-01-01,56.15,3933.14704611068,0.745,0.195,48.0,49,2
Jordan,JOR,2017-01-01,64.5,3940.701991811448,0.747,0.237,48.0,47,2
Jordan,JOR,2018-01-01,65.2,3928.770268212053,0.747,0.242,49.0,51,2
Jordan,JOR,2019-01-01,70.0847,3919.064269160728,0.75,0.239,48.0,47,2
Jordan,JOR,2020-01-01,78.4178,3806.879493549135,0.743,0.241,49.0,49,2
Jordan,JOR,2021-01-01,86.0,3874.327140846328,0.736,0.248,49.0,47,2
Jordan,JOR,2022-01-01,90.5,3909.80228869045,0.751,0.244,47.0,47,2
Kenya,KEN,2011-01-01,8.8,1370.58000874482,0.56,0.358,38.0,68,2
Kenya,KEN,2012-01-01,10.5,1396.301787097564,0.565,0.359,27.0,71,0
Kenya,KEN,2013-01-01,13.0,1413.9414252258257,0.57,0.409,27.0,72,0
Kenya,KEN,2014-01-01,16.5,1450.5933820227672,0.576,0.422,25.0,72,0
Kenya,KEN,2015-01-01,16.5879,1489.1195977728398,0.583,0.422,25.0,71,0
Kenya,KEN,2016-01-01,16.6,1517.97796057742,0.594,0.419,26.0,71,0
Kenya,KEN,2017-01-01,17.8271,1542.3377397337213,0.599,0.406,28.0,71,0
Kenya,KEN,2018-01-01,19.5,1596.69045914945,0.605,0.391,27.0,68,2
Kenya,KEN,2019-01-01,22.6688,1645.7096177786214,0.611,0.394,28.0,68,2
Kenya,KEN,2020-01-01,58.9529,1609.334140782809,0.6,0.398,31.0,67,2
Kenya,KEN,2021-01-01,58.9529,1698.8957827144363,0.608,0.427,30.0,66,2
Kenya,KEN,2022-01-01,58.9529,1747.5319880442844,0.626,0.449,32.0,68,2
Kyrgyzstan,KGZ,2012-01-01,19.8,985.8472865972002,0.679,0.318,24.0,65,2
Kyrgyzstan,KGZ,2013-01-01,23.0,1069.7840443871623,0.686,0.314,24.0,65,2
Kyrgyzstan,KGZ,2014-01-01,28.3,1088.5821422950764,0.691,0.314,27.0,66,2
Kyrgyzstan,KGZ,2015-01-01,30.247,1105.6519384426072,0.695,0.314,28.0,65,2
Kyrgyzstan,KGZ,2016-01-01,40.5,1128.3161612818033,0.7,0.302,28.0,65,2
Kyrgyzstan,KGZ,2017-01-01,50.8,1157.182757580675,0.704,0.301,29.0,63,2
Kyrgyzstan,KGZ,2018-01-01,62.8,1175.071277874696,0.708,0.325,29.0,62,2
Kyrgyzstan,KGZ,2019-01-01,64.1,1201.8770142972055,0.708,0.309,30.0,61,2
Kyrgyzstan,KGZ,2020-01-01,72.0,1093.328564614224,0.7,0.252,31.0,56,2
Kyrgyzstan,KGZ,2021-01-01,77.1177,1132.5546781282012,0.704,0.25,27.0,53,2
Kyrgyzstan,KGZ,2022-01-01,82.5991,1212.1781272176838,0.717,0.233,27.0,53,2
Lebanon,LBN,2013-01-01,70.5,8443.538565287841,0.762,0.308,28.0,55,2
Lebanon,LBN,2014-01-01,73.0,7830.415111333605,0.761,0.309,27.0,53,2
Lebanon,LBN,2015-01-01,74.0,7714.109999880404,0.763,0.299,28.0,55,2
Lebanon,LBN,2016-01-01,76.11,8019.141691342605,0.767,0.301,28.0,55,2
Lebanon,LBN,2017-01-01,78.1808,8305.57405425721,0.772,0.302,28.0,54,2
Lebanon,LBN,2018-01-01,80.9,8388.723512383496,0.774,0.29,28.0,53,2
Lebanon,LBN,2019-01-01,81.4812,8064.048734162358,0.771,0.277,28.0,52,2
Lebanon,LBN,2020-01-01,82.0665,6440.828430929219,0.75,0.277,25.0,52,2
Lebanon,LBN,2021-01-01,82.656,5973.419338929876,0.733,0.27,24.0,51,2
Lebanon,LBN,2022-01-01,82.798,5909.036515550277,0.755,0.255,24.0,51,2
Libya,LBY,2012-01-01,15.2,12599.258882136044,0.758,0.207,21.0,57,2
Libya,LBY,2013-01-01,16.5,10126.314927806048,0.748,0.299,15.0,55,2
Libya,LBY,2014-01-01,17.76,7644.248439474036,0.728,0.173,18.0,52,2
Libya,LBY,2015-01-01,58.9529,7458.489177563744,0.728,0.17,16.0,46,2
Libya,LBY,2016-01-01,58.9529,7236.164099235018,0.725,0.168,14.0,42,2
Libya,LBY,2017-01-01,58.9529,9435.600600400456,0.74,0.164,17.0,46,2
Libya,LBY,2018-01-01,58.9529,10020.9165751361,0.743,0.15,17.0,49,2
Libya,LBY,2019-01-01,58.9529,8768.410487458603,0.737,0.147,18.0,49,2
Libya,LBY,2020-01-01,87.5754,6102.798640325124,0.688,0.144,17.0,50,2
Libya,LBY,2021-01-01,88.5598,7731.354481525813,0.729,0.125,17.0,48,2
Libya,LBY,2022-01-01,88.6412,7002.681892963579,0.741,0.108,17.0,44,2
Malawi,MWI,2013-01-01,5.05,525.3576455165572,0.494,0.44,37.0,58,2
Malawi,MWI,2014-01-01,5.83,539.562601918057,0.5,0.438,33.0,58,2
Malawi,MWI,2015-01-01,6.0,539.605363240686,0.504,0.445,31.0,60,2
Malawi,MWI,2016-01-01,6.3,538.2219908109595,0.506,0.44,31.0,59,2
Malawi,MWI,2017-01-01,7.0,544.7957292203486,0.508,0.454,31.0,58,2
Malawi,MWI,2018-01-01,8.79829,553.528790902088,0.51,0.443,32.0,61,2
Malawi,MWI,2019-01-01,11.0586,569.8662493719476,0.513,0.409,31.0,57,2
Malawi,MWI,2020-01-01,13.8995,559.4470860860672,0.512,0.463,30.0,60,2
Malawi,MWI,2021-01-01,17.4703,569.9689673224348,0.509,0.526,35.0,59,2
Malawi,MWI,2022-01-01,17.0457,560.6357597149408,0.513,0.512,34.0,57,2
Malaysia,MYS,2011-01-01,61.0,8400.322486835577,0.782,0.216,38.0,59,2
Malaysia,MYS,2012-01-01,65.8,8710.526713599022,0.787,0.216,49.0,57,2
Malaysia,MYS,2013-01-01,57.0575,8964.807248962034,0.791,0.21,50.0,56,2
Malaysia,MYS,2014-01-01,63.6654,9341.730559712778,0.795,0.212,52.0,58,2
Malaysia,MYS,2015-01-01,71.0641,9648.679793752302,0.8,0.206,50.0,57,2
Malaysia,MYS,2016-01-01,78.7883,9901.479601798124,0.805,0.204,49.0,55,2
Malaysia,MYS,2017-01-01,80.1405,10293.762920536155,0.807,0.209,47.0,56,2
Malaysia,MYS,2018-01-01,81.201,10610.195024047913,0.809,0.315,47.0,55,2
Malaysia,MYS,2019-01-01,84.1871,10902.983485585608,0.812,0.335,53.0,57,2
Malaysia,MYS,2020-01-01,89.555,10171.4657842762,0.81,0.307,51.0,58,2
Malaysia,MYS,2021-01-01,96.7514,10388.266712085682,0.802,0.299,48.0,58,2
Malaysia,MYS,2022-01-01,97.3986,11191.65117569426,0.81,0.317,47.0,59,2
Mexico,MEX,2011-01-01,37.1763,9575.934377885818,0.757,0.469,38.0,68,2
Mexico,MEX,2012-01-01,39.75,9782.51776305354,0.764,0.461,34.0,63,2
Mexico,MEX,2013-01-01,43.46,9738.710598036583,0.765,0.425,34.0,62,2
Mexico,MEX,2014-01-01,44.3857,9862.481254441987,0.769,0.424,35.0,61,2
Mexico,MEX,2015-01-01,57.431,10021.238611882723,0.773,0.433,31.0,61,2
Mexico,MEX,2016-01-01,59.5404,10100.502121401492,0.778,0.433,30.0,62,2
Mexico,MEX,2017-01-01,53.0318,10193.77271934566,0.781,0.439,29.0,61,2
Mexico,MEX,2018-01-01,56.6596,10296.86909285339,0.785,0.455,28.0,60,2
Mexico,MEX,2019-01-01,69.6321,10159.444836431863,0.788,0.434,29.0,60,2
Mexico,MEX,2020-01-01,71.4902,9234.643623179232,0.763,0.406,31.0,61,2
Mexico,MEX,2021-01-01,75.6265,9728.056800325565,0.761,0.37,31.0,60,2
Mexico,MEX,2022-01-01,78.6322,10013.247923614295,0.783,0.334,31.0,61,2
Morocco,MAR,2013-01-01,56.0,3008.185546875,0.639,0.231,37.0,58,2
Morocco,MAR,2014-01-01,56.7746,3051.458984375,0.648,0.231,39.0,56,2
Morocco,MAR,2015-01-01,57.08,3146.24780273438,0.659,0.229,36.0,57,2
Morocco,MAR,2016-01-01,58.2712,3124.42504882813,0.665,0.232,37.0,56,2
Morocco,MAR,2017-01-01,61.7622,3242.64428710938,0.674,0.24,40.0,55,2
Morocco,MAR,2018-01-01,64.8039,3304.7119140625,0.68,0.242,43.0,55,2
Morocco,MAR,2019-01-01,84.1204,3364.73950195313,0.687,0.239,41.0,54,2
Morocco,MAR,2020-01-01,84.1204,3090.89428710938,0.683,0.232,40.0,52,2
Morocco,MAR,2021-01-01,88.1303,3309.130859375,0.69,0.235,39.0,53,2
Morocco,MAR,2022-01-01,89.9,3334.91162109375,0.704,0.246,38.0,51,2
Nicaragua,NIC,2021-01-01,47.0806,2128.308813954517,0.682,0.035,20.0,48,2
Nicaragua,NIC,2022-01-01,49.1307,2175.738991444051,0.701,0.027,19.0,45,2
Nigeria,NGA,2011-01-01,13.8,2370.9765709180256,0.508,0.348,38.0,65,2
Nigeria,NGA,2012-01-01,16.1,2403.653878969245,0.512,0.355,27.0,67,2
Nigeria,NGA,2013-01-01,19.1,2495.341065737488,0.517,0.379,25.0,69,2
Nigeria,NGA,2014-01-01,21.0,2583.615569581399,0.524,0.386,27.0,67,2
Nigeria,NGA,2015-01-01,22.5,2585.733606717974,0.53,0.401,26.0,67,2
Nigeria,NGA,2016-01-01,24.1,2481.8149035032625,0.532,0.399,28.0,66,2
Nigeria,NGA,2017-01-01,25.9,2441.712364044882,0.534,0.387,27.0,66,2
Nigeria,NGA,2018-01-01,27.7,2431.7785783256763,0.537,0.388,27.0,63,2
Nigeria,NGA,2019-01-01,29.7,2431.535284729822,0.544,0.364,26.0,64,2
Nigeria,NGA,2020-01-01,31.8888,2228.6863142288807,0.547,0.346,25.0,60,2
Nigeria,NGA,2021-01-01,35.5098,2206.6640625006658,0.554,0.329,24.0,59,2
Nigeria,NGA,2022-01-01,37.6975,2254.290804168922,0.557,0.318,24.0,57,2
Pakistan,PAK,2011-01-01,8.0,1261.831619078569,0.504,0.288,38.0,45,2
Pakistan,PAK,2012-01-01,8.1,1275.4880689896625,0.508,0.284,27.0,37,1
Pakistan,PAK,2013-01-01,9.0,1309.7008044638596,0.512,0.287,28.0,33,1
Pakistan,PAK,2014-01-01,10.0,1343.3077812104252,0.522,0.286,29.0,31,1
Pakistan,PAK,2015-01-01,11.0,1380.4702083831723,0.527,0.267,30.0,31,1
Pakistan,PAK,2016-01-01,12.3854,1452.1865826917658,0.535,0.259,32.0,31,1
Pakistan,PAK,2017-01-01,13.78,1495.261875280324,0.537,0.257,32.0,29,1
Pakistan,PAK,2018-01-01,15.34,1561.681698195586,0.538,0.254,33.0,27,1
Pakistan,PAK,2019-01-01,17.0709,1573.8330826936988,0.54,0.236,32.0,26,1
Pakistan,PAK,2020-01-01,18.9348,1526.0059748630656,0.536,0.255,31.0,26,1
Pakistan,PAK,2021-01-01,21.4107,1595.027921754216,0.537,0.248,28.0,25,1
Pakistan,PAK,2022-01-01,24.2103,1642.280669748258,0.544,0.234,27.0,26,1
Rwanda,RWA,2011-01-01,7.0,614.539650123021,0.512,0.13,38.0,50,2
Rwanda,RWA,2012-01-01,8.02385,651.8528186658335,0.521,0.132,53.0,49,2
Rwanda,RWA,2013-01-01,9.0,666.408788783175,0.499,0.134,53.0,52,2
Rwanda,RWA,2014-01-01,10.6,690.6103949443562,0.525,0.136,49.0,50,2
Rwanda,RWA,2015-01-01,12.5,733.9986298824938,0.525,0.136,54.0,50,2
Rwanda,RWA,2016-01-01,14.6,759.6062881551089,0.534,0.126,54.0,49,2
Rwanda,RWA,2017-01-01,17.2,771.0692375135824,0.539,0.114,55.0,47,2
Rwanda,RWA,2018-01-01,19.2,817.578437300032,0.54,0.116,56.0,45,2
Rwanda,RWA,2019-01-01,21.358,874.6396589359778,0.55,0.118,53.0,41,2
Rwanda,RWA,2020-01-01,23.8,826.3913077010219,0.555,0.116,54.0,39,1
Rwanda,RWA,2021-01-01,24.4416,896.2710335749855,0.562,0.11,53.0,38,1
Rwanda,RWA,2022-01-01,31.2252,948.413686948024,0.57,0.107,51.0,37,1
Saudi Arabia,SAU,2011-01-01,47.5,23314.557602316807,0.811,0.045,38.0,30,1
Saudi Arabia,SAU,2012-01-01,54.0,23643.035832464662,0.819,0.046,44.0,29,1
Saudi Arabia,SAU,2013-01-01,60.5,23057.349446853543,0.827,0.046,46.0,30,1
Saudi Arabia,SAU,2014-01-01,64.7137,23404.730603982465,0.841,0.046,49.0,27,1
Saudi Arabia,SAU,2015-01-01,69.6162,23256.154955353068,0.851,0.046,52.0,27,1
Saudi Arabia,SAU,2016-01-01,74.8793,22783.032853868543,0.86,0.045,46.0,28,1
Saudi Arabia,SAU,2017-01-01,94.1756,23035.1199977707,0.869,0.044,49.0,28,1
Saudi Arabia,SAU,2018-01-01,93.31,24393.5188306638,0.875,0.043,49.0,27,1
Saudi Arabia,SAU,2019-01-01,95.7247,24905.669742855847,0.878,0.045,53.0,25,1
Saudi Arabia,SAU,2020-01-01,97.8623,22827.671935547995,0.875,0.045,53.0,26,1
Saudi Arabia,SAU,2021-01-01,100.0,24922.671694894445,0.878,0.045,53.0,24,1
Saudi Arabia,SAU,2022-01-01,100.0,26706.91792606596,0.893,0.047,51.0,24,1
Serbia,SRB,2021-01-01,81.1659,7465.676010771475,0.807,0.236,38.0,71,0
Serbia,SRB,2022-01-01,83.5383,7862.953873648459,0.826,0.26,36.0,72,0
Singapore,SGP,2014-01-01,79.0292,54681.93364582533,0.934,0.325,84.0,60,2
Singapore,SGP,2015-01-01,79.013,55645.60686146057,0.935,0.325,85.0,59,2
Singapore,SGP,2016-01-01,84.4523,56986.785310291074,0.934,0.332,84.0,59,2
Singapore,SGP,2017-01-01,84.4523,59485.30158739208,0.935,0.34,84.0,59,2
Singapore,SGP,2018-01-01,88.1656,61250.34766723019,0.939,0.333,85.0,59,2
Singapore,SGP,2019-01-01,88.9493,61345.52918200616,0.942,0.328,85.0,56,2
Singapore,SGP,2020-01-01,92.0043,59189.70385743,0.944,0.325,85.0,54,2
Singapore,SGP,2021-01-01,96.9247,67731.26107117166,0.948,0.325,85.0,54,2
Singapore,SGP,2022-01-01,95.9539,68218.80533356198,0.942,0.324,83.0,54,2
South Africa,ZAF,2011-01-01,33.97,6067.12482726885,0.683,0.658,38.0,74,0
South Africa,ZAF,2012-01-01,41.0,6121.557838607126,0.696,0.661,43.0,74,0
South Africa,ZAF,2013-01-01,46.5,6170.876708633726,0.705,0.645,42.0,74,0
South Africa,ZAF,2014-01-01,49.0,6155.005894625161,0.713,0.637,44.0,74,0
South Africa,ZAF,2015-01-01,51.9191,6112.273824859742,0.722,0.649,44.0,73,0
South Africa,ZAF,2016-01-01,54.0,6095.295060428005,0.722,0.646,45.0,75,0
South Africa,ZAF,2017-01-01,56.1674,6125.692050749703,0.726,0.627,43.0,75,0
South Africa,ZAF,2018-01-01,62.4,6117.270140604696,0.732,0.639,43.0,75,0
South Africa,ZAF,2019-01-01,69.6969,6032.829725986681,0.742,0.617,44.0,72,0
South Africa,ZAF,2020-01-01,72.1128,5569.584833192716,0.724,0.606,44.0,70,0
South Africa,ZAF,2021-01-01,74.9686,5750.909374795845,0.721,0.607,44.0,73,0
South Africa,ZAF,2022-01-01,75.4556,5786.865053447359,0.737,0.605,43.0,73,0
Zimbabwe,ZWE,2011-01-01,8.4,1184.9342102056269,0.529,0.197,38.0,46,2
Zimbabwe,ZWE,2012-01-01,12.0,1360.152300342752,0.545,0.196,20.0,46,2
Zimbabwe,ZWE,2013-01-01,15.5,1367.8183168946343,0.554,0.206,21.0,46,2
Zimbabwe,ZWE,2014-01-01,16.3647,1381.2540412587148,0.56,0.209,21.0,45,2
Zimbabwe,ZWE,2015-01-01,22.7428,1387.1263259502578,0.567,0.208,21.0,44,2
Zimbabwe,ZWE,2016-01-01,23.12,1378.3425619237385,0.57,0.201,22.0,44,2
Zimbabwe,ZWE,2017-01-01,24.4,1422.9194894692664,0.575,0.221,22.0,44,2
Zimbabwe,ZWE,2018-01-01,25.0,1472.1460384484235,0.586,0.211,22.0,47,2
Zimbabwe,ZWE,2019-01-01,26.5883,1357.5308781875387,0.584,0.197,24.0,42,2
Zimbabwe,ZWE,2020-01-01,29.2986,1230.819333610158,0.582,0.192,24.0,46,2
Zimbabwe,ZWE,2021-01-01,37.0967,1312.2000135880671,0.581,0.188,23.0,46,2
Zimbabwe,ZWE,2022-01-01,37.8861,1369.1976149557086,0.594,0.18,23.0,49,2
Thailand,THA,2011-01-01,23.6699,5070.237401919421,0.747,0.378,38.0,39,1
Thailand,THA,2012-01-01,26.46,5403.878460362729,0.75,0.405,37.0,39,1
Thailand,THA,2013-01-01,28.94,5516.611641641345,0.752,0.348,35.0,40,2
Thailand,THA,2014-01-01,34.8861,5541.465993618451,0.784,0.118,38.0,38,1
Thailand,THA,2015-01-01,39.3161,5688.853353978842,0.788,0.106,38.0,37,1
Thailand,THA,2016-01-01,47.505,5857.780529359259,0.792,0.108,35.0,34,1
Thailand,THA,2017-01-01,52.8919,6076.743077000816,0.794,0.105,37.0,33,1
Thailand,THA,2018-01-01,56.8175,6314.199484120428,0.796,0.115,36.0,35,1
Thailand,THA,2019-01-01,66.6524,6434.537705180338,0.8,0.189,36.0,35,1
Thailand,THA,2020-01-01,77.8437,6035.186277370771,0.798,0.185,36.0,35,1
Thailand,THA,2021-01-01,85.2696,6121.526965297128,0.8,0.185,35.0,36,1
Thailand,THA,2022-01-01,87.9772,6278.785513827604,0.792,0.191,36.0,39,1
Tunisia,TUN,2011-01-01,39.1,3784.741290340101,0.718,0.248,38.0,19,1
Tunisia,TUN,2012-01-01,41.4416,3900.046201327017,0.72,0.647,41.0,54,2
Tunisia,TUN,2013-01-01,43.8,3947.587635331742,0.722,0.637,41.0,59,2
Tunisia,TUN,2014-01-01,46.16,4021.5995470359135,0.725,0.637,40.0,61,2
Tunisia,TUN,2015-01-01,46.5,4014.9477368643215,0.728,0.626,38.0,62,2
Tunisia,TUN,2016-01-01,49.6,4015.288938027025,0.733,0.623,41.0,62,2
Tunisia,TUN,2017-01-01,55.5002,4062.806065345191,0.737,0.632,42.0,62,2
Tunisia,TUN,2018-01-01,64.1908,4127.970056979944,0.742,0.631,43.0,62,2
Tunisia,TUN,2019-01-01,66.7,4153.279786155147,0.74,0.629,43.0,64,2
Tunisia,TUN,2020-01-01,68.5564,3749.268414529278,0.733,0.618,44.0,64,2
Tunisia,TUN,2021-01-01,68.3155,3902.5332299019938,0.728,0.461,44.0,63,2
Tunisia,TUN,2022-01-01,70.5532,3986.545583256664,0.745,0.195,40.0,61,2
Turkey,TUR,2011-01-01,43.0657,9265.859102385775,0.764,0.357,38.0,55,2
Turkey,TUR,2012-01-01,45.13,9588.320665314382,0.772,0.35,49.0,54,2
Turkey,TUR,2013-01-01,46.25,10269.448914077338,0.802,0.297,50.0,51,2
Turkey,TUR,2014-01-01,51.0374,10597.980188171632,0.813,0.259,45.0,45,2
Turkey,TUR,2015-01-01,53.745,11064.649450466248,0.821,0.233,42.0,42,2
Turkey,TUR,2016-01-01,58.3477,11279.616953156876,0.826,0.145,41.0,39,1
Turkey,TUR,2017-01-01,64.6846,12005.645982483236,0.833,0.104,40.0,34,1
Turkey,TUR,2018-01-01,71.0428,12255.008214616912,0.838,0.109,41.0,34,1
Turkey,TUR,2019-01-01,73.9767,12238.295022012751,0.841,0.113,39.0,37,1
Turkey,TUR,2020-01-01,77.6696,12338.643833135042,0.838,0.117,40.0,35,1
Turkey,TUR,2021-01-01,81.4084,13670.938029516012,0.841,0.116,38.0,34,1
Turkey,TUR,2022-01-01,83.4372,14273.574765487305,0.853,0.114,36.0,32,1
Uganda,UGA,2012-01-01,4.8,823.5804682854929,0.526,0.254,29.0,66,2
Uganda,UGA,2013-01-01,5.1,828.9886697299859,0.532,0.252,26.0,66,2
Uganda,UGA,2014-01-01,5.4,845.9786647910992,0.539,0.251,26.0,66,2
Uganda,UGA,2015-01-01,5.8,862.9346103558107,0.547,0.246,25.0,64,2
Uganda,UGA,2016-01-01,5.9,874.6483706392157,0.553,0.23,25.0,58,2
Uganda,UGA,2017-01-01,58.9529,871.0938800171507,0.557,0.223,26.0,59,2
Uganda,UGA,2018-01-01,58.9529,895.0751278543798,0.563,0.221,26.0,59,2
Uganda,UGA,2019-01-01,58.9529,920.9391015156708,0.569,0.221,28.0,56,2
Uganda,UGA,2020-01-01,7.4,917.0350317644004,0.571,0.23,27.0,56,2
Uganda,UGA,2021-01-01,10.0,919.401675217265,0.573,0.212,27.0,49,2
Uganda,UGA,2022-01-01,11.1246,933.0940563704228,0.578,0.215,26.0,50,2
Ukraine,UKR,2012-01-01,35.27,2426.92944335938,0.789,0.257,26.0,73,0
Ukraine,UKR,2013-01-01,40.9541,2432.41625976563,0.789,0.25,25.0,72,0
Ukraine,UKR,2014-01-01,46.236,2308.6435546875,0.788,0.212,26.0,67,2
Ukraine,UKR,2015-01-01,48.8846,2094.47387695313,0.778,0.224,27.0,63,2
Ukraine,UKR,2016-01-01,53.001,2156.0830078125,0.78,0.236,29.0,62,2
Ukraine,UKR,2017-01-01,58.8895,2217.7529296875,0.785,0.24,30.0,55,2
Ukraine,UKR,2018-01-01,62.5532,2308.6669921875,0.784,0.245,32.0,55,2
Ukraine,UKR,2019-01-01,70.1248,2398.07836914063,0.789,0.313,30.0,56,2
Ukraine,UKR,2020-01-01,75.0379,2324.107421875,0.783,0.323,33.0,61,2
Ukraine,UKR,2021-01-01,79.2183,2426.6123046875,0.772,0.321,32.0,62,2
Ukraine,UKR,2022-01-01,82.6753,1874.66296386719,0.772,0.234,33.0,59,2
Egypt,EGY,2011-01-01,25.6,3222.3765011185624,0.68,0.124,38.0,46,2
Egypt,EGY,2012-01-01,26.4,3220.991942030666,0.689,0.16,32.0,41,2
Egypt,EGY,2013-01-01,29.4,3216.378390262898,0.695,0.097,32.0,40,2
Egypt,EGY,2014-01-01,33.8946,3235.662462352572,0.699,0.085,37.0,40,2
Egypt,EGY,2015-01-01,37.8194,3306.981594141408,0.706,0.095,36.0,39,1
Egypt,EGY,2016-01-01,41.2481,3381.222463062068,0.713,0.123,34.0,37,1
Egypt,EGY,2017-01-01,44.9502,3452.909612455395,0.72,0.116,32.0,32,1
Egypt,EGY,2018-01-01,46.9243,3568.639662861614,0.728,0.113,35.0,28,1
Egypt,EGY,2019-01-01,57.2829,3701.244634518797,0.736,0.121,35.0,26,1
Egypt,EGY,2020-01-01,71.9142,3770.869478674215,0.736,0.121,33.0,26,1
Egypt,EGY,2021-01-01,72.056,3837.3199232444736,0.738,0.122,33.0,26,1
Egypt,EGY,2022-01-01,72.1981,4029.782954579785,0.751,0.129,30.0,27,1
Uzbekistan,UZB,2012-01-01,23.6,2395.8403675572827,0.692,0.037,17.0,23,1
Uzbekistan,UZB,2013-01-01,26.8,2530.6844789870347,0.698,0.037,17.0,22,1
Uzbekistan,UZB,2014-01-01,35.5,2659.990750952732,0.703,0.038,18.0,21,1
Uzbekistan,UZB,2015-01-01,42.8,2803.190180217509,0.707,0.036,19.0,22,1
Uzbekistan,UZB,2016-01-01,46.7913,2918.677258529029,0.714,0.038,21.0,21,1
Uzbekistan,UZB,2017-01-01,48.7,2995.767614377434,0.719,0.052,22.0,23,1
Uzbekistan,UZB,2018-01-01,55.2,3108.161878611196,0.725,0.066,23.0,25,1
Uzbekistan,UZB,2019-01-01,70.4,3259.369646324937,0.73,0.077,25.0,26,1
Uzbekistan,UZB,2020-01-01,71.1,3249.051910940178,0.723,0.085,26.0,27,1
Uzbekistan,UZB,2021-01-01,76.5904,3442.724844503404,0.727,0.081,28.0,28,1
Uzbekistan,UZB,2022-01-01,83.9,3576.715527160536,0.737,0.08,31.0,27,1
Zambia,ZMB,2014-01-01,6.5,1299.0124176250413,0.559,0.384,38.0,57,2
Zambia,ZMB,2015-01-01,8.8,1295.877886800678,0.565,0.368,38.0,60,2
Zambia,ZMB,2016-01-01,10.3,1303.5751386913284,0.565,0.33,38.0,62,2
Zambia,ZMB,2017-01-01,12.2,1308.7682924008554,0.57,0.293,37.0,59,2
Zambia,ZMB,2018-01-01,14.3,1321.250457115733,0.575,0.294,35.0,58,2
Zambia,ZMB,2019-01-01,18.7,1301.181329761778,0.578,0.305,34.0,58,2
Zambia,ZMB,2020-01-01,24.5,1228.7350011319488,0.578,0.293,33.0,59,2
Zambia,ZMB,2021-01-01,32.5,1269.1082180889516,0.574,0.339,33.0,59,2
Zambia,ZMB,2022-01-01,15.0,1298.8480495593024,0.589,0.439,33.0,58,2
